{"cameraMode":{"drawMode":0,"name":"Shaded","section":"Shading Mode"},"sceneLighting":false,"audioPlay":false,"sceneViewState":{"showFog":true,"showMaterialUpdate":false,"showSkybox":true,"showFlares":true,"showImageEffects":true,"showParticleSystems":true},"in2DMode":false,"pivot":{"x":38.707862854003909,"y":4.911373138427734,"z":-37.2521858215332},"rotation":{"x":0.4762972593307495,"y":0.013188309967517853,"z":-0.00714501366019249,"w":0.8791564106941223},"size":19.48444938659668,"orthographic":false}